"row_num","DHSID","lat","long","treated"
"2","UG200600000004","-0.499767","32.311082",0
"13","UG200600000019","0.103618","31.748963",0
"17","UG200600000023","-0.255863","31.195667",0
"18","UG200600000024","-0.847251","31.732653",0
"19","UG200600000025","-0.504027","31.183568",0
"20","UG200600000026","-0.509567","31.328109",0
"21","UG200600000027","-0.561573","31.570126",0
"22","UG200600000028","0.123882","31.214166",0
"23","UG200600000029","-0.291423","31.391554",0
"24","UG200600000030","-0.145982","31.435004",0
"26","UG200600000032","0.431351","32.282401",0
"32","UG200600000042","1.491609","32.529187",0
"33","UG200600000043","0.956516","31.831879",0
"36","UG200600000046","0.929063","32.438985",0
"38","UG200600000048","0.894168","32.413036",0
"41","UG200600000051","0.46951","31.331333",0
"42","UG200600000052","0.512382","31.557315",0
"44","UG200600000054","0.648752","31.328888",0
"45","UG200600000055","0.695439","31.801249",0
"47","UG200600000057","0.741383","31.917782",0
"48","UG200600000058","0.573414","31.919594",0
"49","UG200600000059","0.43761","32.148653",0
"52","UG200600000062","0.430846","32.965229",0
"53","UG200600000063","0.362834","33.227008",0
"61","UG200600000072","0.503527","32.866341",0
"62","UG200600000073","1.002155","32.542822",0
"103","UG200600000114","0.447477","33.834903",0
"105","UG200600000116","0.700497","33.699225",0
"107","UG200600000118","0.416167","34.069588",0
"109","UG200600000120","0.780065","33.710458",0
"111","UG200600000122","0.87726","33.725561",0
"117","UG200600000128","0.979498","33.321107",0
"120","UG200600000131","1.069171","33.31311",0
"125","UG200600000136","1.303928","33.070117",0
"126","UG200600000137","1.121935","33.318157",0
"128","UG200600000139","1.058884","32.99825",0
"133","UG200600000144","1.144634","33.557264",0
"134","UG200600000145","1.084304","33.379475",0
"142","UG200600000153","2.001353","33.560289",0
"143","UG200600000154","1.860153","33.941065",0
"144","UG200600000155","1.337988","34.080264",0
"145","UG200600000156","1.626883","33.751046",0
"147","UG200600000158","1.504328","34.133529",0
"151","UG200600000162","0.785605","34.321412",0
"152","UG200600000163","0.765713","34.310448",0
"155","UG200600000166","0.880248","34.326825",0
"158","UG200600000169","0.886679","34.318478",0
"164","UG200600000175","1.322296","33.743344",0
"166","UG200600000177","0.954134","33.930513",0
"167","UG200600000178","1.393911","33.397524",0
"168","UG200600000179","1.795237","33.584059",0
"174","UG200600000185","1.746493","33.379548",0
"178","UG200600000201","2.318662","32.88963",0
"179","UG200600000202","2.500107","33.078072",0
"180","UG200600000205","3.507755","34.127656",0
"182","UG200600000207","3.704376","33.974047",0
"183","UG200600000208","3.618382","34.139674",0
"184","UG200600000209","3.496369","34.096601",0
"185","UG200600000210","3.604766","34.171469",0
"186","UG200600000211","3.076433","34.137493",0
"187","UG200600000212","3.015269","34.052179",0
"189","UG200600000214","2.360987","34.480236",0
"190","UG200600000215","2.430398","34.818582",0
"191","UG200600000217","2.372209","34.625214",0
"192","UG200600000218","3.754023","34.15108",0
"193","UG200600000219","3.676606","33.974129",0
"194","UG200600000220","3.518569","33.653924",0
"195","UG200600000221","3.309948","33.941025",0
"196","UG200600000222","3.520205","34.093082",0
"197","UG200600000223","3.170265","33.973986",0
"198","UG200600000224","2.994726","34.197369",0
"199","UG200600000225","3.062646","34.151222",0
"200","UG200600000226","2.669283","33.5424",0
"201","UG200600000227","2.056192","34.264066",0
"202","UG200600000228","2.339923","34.507236",0
"203","UG200600000229","2.492365","34.710199",0
"204","UG200600000230","2.744885","34.490509",0
"206","UG200600000232","2.041839","34.489529",0
"207","UG200600000233","1.62876","34.962487",0
"208","UG200600000234","2.272056","34.506186",0
"213","UG200600000239","3.121108","30.855592",0
"214","UG200600000240","3.037779","30.958023",0
"217","UG200600000245","3.213354","31.011545",0
"218","UG200600000248","3.349622","31.039126",0
"219","UG200600000249","3.102444","31.010209",0
"220","UG200600000250","3.215393","31.008862",0
"221","UG200600000251","3.303199","31.180027",0
"222","UG200600000252","3.242779","31.165954",0
"223","UG200600000253","2.864443","31.019673",0
"224","UG200600000254","2.718581","31.012334",0
"227","UG200600000257","3.67807","31.82452",0
"228","UG200600000258","2.36467","30.915763",0
"229","UG200600000259","2.553886","30.935024",0
"232","UG200600000262","3.230073","31.394285",0
"238","UG200600000269","1.368878","31.447512",0
"244","UG200600000276","0.600154","30.159562",0
"245","UG200600000277","0.053623","29.776521",0
"246","UG200600000278","-0.001015","29.736805",0
"247","UG200600000279","0.092526","29.754539",0
"249","UG200600000281","0.385052","30.137784",0
"251","UG200600000283","1.02338","31.18397",0
"254","UG200600000286","1.021127","30.565279",0
"255","UG200600000287","0.943702","31.10625",0
"257","UG200600000289","2.110045","31.499274",0
"259","UG200600000291","2.014136","32.141379",0
"260","UG200600000292","2.209358","32.296788",0
"261","UG200600000293","0.399781","30.473902",0
"262","UG200600000294","0.251153","30.556963",0
"263","UG200600000295","-0.088497","30.215574",0
"264","UG200600000296","0.58865","31.111928",0
"265","UG200600000297","0.663798","30.899103",0
"267","UG200600000299","0.69829","30.552125",0
"272","UG200600000304","-0.395454","30.242357",0
"279","UG200600000311","-0.668436","30.027884",0
"280","UG200600000312","-0.696777","30.037942",0
"284","UG200600000316","-1.241959","30.097188",0
"285","UG200600000317","-1.422712","29.930803",0
"286","UG200600000318","-1.161701","29.814784",0
"288","UG200600000320","-0.821476","31.141987",0
"289","UG200600000321","-0.907856","31.050974",0
"295","UG200600000327","-0.485684","30.522727",0
"296","UG200600000328","0.160264","30.725121",0
"298","UG200600000330","-0.293047","30.849466",0
"304","UG200600000336","-0.655946","29.802955",0
"307","UG200600000339","2.923089","32.398611",0
"309","UG200600000341","2.643592","32.539044",0
"311","UG200600000343","2.62047","31.943992",0
"314","UG200600000346","2.843016","31.744462",0
"315","UG200600000347","3.028394","32.124607",0
"321","UG200600000353","3.557611","32.968323",0
"327","UG200600000359","2.956943","33.474898",0
"328","UG200600000360","2.642756","33.278196",0
"329","UG200600000361","2.235462","33.02638",0
"330","UG200600000362","2.470803","32.971439",0
"331","UG200600000363","2.247988","33.23267",0
"332","UG200600000364","2.117532","33.349763",0
"333","UG200600000365","2.237835","33.394558",0
"337","UG200900000001","-0.360672","32.423418",0
"338","UG200900000002","-0.055845","31.694363",0
"345","UG200900000009","-0.951462","31.550493",0
"346","UG200900000010","-0.695774","31.707281",0
"350","UG200900000014","0.428997","32.296359",0
"356","UG200900000020","0.823587","31.748897",0
"358","UG200900000022","0.888794","32.587888",0
"361","UG200900000025","0.532252","31.248729",0
"362","UG200900000026","0.609908","31.276643",0
"363","UG200900000027","0.499738","31.62531",0
"365","UG200900000029","0.202641","32.956116",0
"366","UG200900000030","0.173366","33.228825",0
"367","UG200900000031","0.16285","32.845875",0
"368","UG200900000032","0.540319","32.912703",0
"370","UG200900000034","1.58715","32.125129",0
"372","UG200900000036","0.53027","33.694627",0
"380","UG200900000044","0.535653","33.110287",0
"384","UG200900000048","1.145941","33.508288",0
"387","UG200900000051","0.279826","33.455918",0
"407","UG200900000071","1.388179","34.644888",0
"409","UG200900000073","0.865376","34.305119",0
"423","UG200900000087","2.028579","32.7863",0
"424","UG200900000088","1.918419","32.562169",0
"428","UG200900000092","2.880505","32.05046",0
"429","UG200900000093","2.606446","32.383296",0
"430","UG200900000094","3.399838","33.057622",0
"431","UG200900000095","3.4747","32.566403",0
"433","UG200900000097","2.522528","32.795164",0
"434","UG200900000098","1.763458","32.829879",0
"435","UG200900000099","2.157996","33.272153",0
"439","UG200900000103","2.196078","32.192713",0
"440","UG200900000104","1.646795","31.870896",0
"442","UG200900000106","0.633047","30.705031",0
"444","UG200900000108","1.030476","30.699071",0
"446","UG200900000110","0.347967","30.117997",0
"447","UG200900000111","-0.026653","29.853751",0
"448","UG200900000112","0.207335","30.011601",0
"449","UG200900000113","0.373808","30.635803",0
"451","UG200900000115","0.418231","30.24125",0
"452","UG200900000116","1.227881","30.738082",0
"454","UG200900000118","0.606265","29.974654",0
"455","UG200900000119","0.640216","29.968885",0
"459","UG200900000123","2.097933","33.817427",0
"461","UG200900000125","3.637539","34.13516",0
"462","UG200900000126","3.623494","34.085995",0
"463","UG200900000127","3.169524","33.938304",0
"464","UG200900000128","2.809526","33.73169",0
"467","UG200900000131","1.479404","33.971767",0
"470","UG200900000134","1.561843","33.592812",0
"471","UG200900000135","1.66601","33.481735",0
"475","UG200900000139","-0.594714","29.942941",0
"477","UG200900000141","-1.332948","29.933193",0
"479","UG200900000143","-0.906478","29.601784",0
"480","UG200900000144","-1.192236","29.648065",0
"482","UG200900000146","-0.043629","30.422464",0
"484","UG200900000148","-0.549894","30.032872",0
"489","UG200900000153","-0.693922","29.88465",0
"492","UG200900000156","3.046414","30.806417",0
"497","UG200900000161","3.182572","31.321859",0
"498","UG200900000162","2.72753","30.920065",0
"499","UG200900000163","3.395144","31.52049",0
"502","UG200900000166","2.53007","30.950554",0
"503","UG200900000167","2.298771","31.08544",0
"505","UG200900000169","3.611046","31.2676",0
"506","UG200900000170","3.553081","31.432873",0
"557","UG201100000077","-0.616717","32.338252",0
"562","UG201100000084","-0.065719","31.595552",0
"565","UG201100000090","-0.480598","31.35714",0
"567","UG201100000095","-0.093981","31.813163",0
"568","UG201100000098","0.038669","31.704869",0
"570","UG201100000101","0.042744","31.867694",0
"572","UG201100000105","-0.067384","32.122295",0
"574","UG201100000109","0.001891","31.96699",0
"575","UG201100000110","-0.241844","31.160065",0
"576","UG201100000111","-0.847507","31.45713",0
"577","UG201100000112","-0.816082","31.436868",0
"578","UG201100000115","-0.672724","31.280246",0
"579","UG201100000118","-0.555452","31.545267",0
"581","UG201100000122","-0.008755","31.445721",0
"582","UG201100000123","-0.205651","31.346449",0
"597","UG201100000152","1.20898","32.82374",0
"602","UG201100000164","1.239933","31.396594",0
"609","UG201100000176","0.407359","32.187429",0
"616","UG201100000189","0.367059","31.271198",0
"617","UG201100000191","0.367841","31.840472",0
"624","UG201100000202","0.424213","33.009498",0
"626","UG201100000207","0.142807","33.319904",0
"630","UG201100000214","0.648913","32.806294",0
"631","UG201100000217","0.714486","32.834001",0
"634","UG201100000223","1.033063","32.539804",0
"635","UG201100000224","1.538981","32.351908",0
"637","UG201100000228","0.456971","33.843369",0
"638","UG201100000230","0.437531","33.87628",0
"641","UG201100000237","-0.114633","33.69437",0
"648","UG201100000250","0.681781","33.603116",0
"661","UG201100000276","1.298944","33.327392",0
"662","UG201100000278","1.374958","32.995319",0
"665","UG201100000284","0.97447","33.21317",0
"666","UG201100000287","0.964341","33.509117",0
"667","UG201100000289","1.217782","33.436982",0
"670","UG201100000294","0.802777","33.73468",0
"672","UG201100000297","0.434793","33.398802",0
"673","UG201100000299","0.355663","33.503567",0
"676","UG201100000306","1.249232","34.774664",0
"685","UG201100000321","1.001119","34.443812",0
"700","UG201100000348","2.009065","33.84554",0
"701","UG201100000349","2.13719","33.641947",0
"705","UG201100000356","1.715493","33.340483",0
"706","UG201100000358","2.004497","33.748627",0
"707","UG201100000361","2.034626","33.931845",0
"711","UG201100000369","1.882583","33.193438",0
"712","UG201100000372","1.445355","33.471721",0
"713","UG201100000374","1.846912","33.603467",0
"718","UG201100000384","2.089716","32.632011",0
"719","UG201100000386","1.793301","32.376165",0
"720","UG201100000387","2.023405","32.493305",0
"722","UG201100000390","2.207274","32.314369",0
"723","UG201100000392","2.154008","32.517867",0
"724","UG201100000393","2.313664","32.538077",0
"733","UG201100000410","2.703607","32.550714",0
"735","UG201100000412","3.250455","32.856479",0
"736","UG201100000414","3.174273","33.10992",0
"737","UG201100000417","3.58296","32.632351",0
"743","UG201100000429","2.485268","32.844373",0
"744","UG201100000431","2.410778","32.974363",0
"745","UG201100000433","1.723559","32.854697",0
"746","UG201100000437","2.363743","33.216649",0
"747","UG201100000440","2.506166","33.277624",0
"749","UG201100000445","2.890781","32.909704",0
"750","UG201100000446","2.937021","33.021183",0
"751","UG201100000448","2.833185","33.282552",0
"752","UG201100000450","3.086489","33.405019",0
"753","UG201100000452","3.022794","34.116785",0
"754","UG201100000453","3.719369","34.224891",0
"755","UG201100000454","3.642466","34.106795",0
"756","UG201100000455","3.630393","33.91653",0
"757","UG201100000456","2.9995","34.054474",0
"758","UG201100000457","3.760143","33.749376",0
"759","UG201100000458","3.596187","34.098312",0
"760","UG201100000459","3.573968","34.006981",0
"761","UG201100000461","3.441067","34.084256",0
"762","UG201100000462","3.371513","34.153579",0
"763","UG201100000463","3.585911","34.154238",0
"764","UG201100000464","3.512753","34.084796",0
"765","UG201100000465","3.044546","34.093808",0
"766","UG201100000466","3.042852","34.12399",0
"767","UG201100000467","2.917659","34.10302",0
"768","UG201100000468","2.963157","34.137801",0
"769","UG201100000469","3.105581","34.059947",0
"772","UG201100000472","2.580898","33.862203",0
"773","UG201100000473","1.985783","34.266687",0
"774","UG201100000474","2.482738","34.327921",0
"776","UG201100000476","2.366751","34.528628",0
"778","UG201100000478","2.552455","34.717003",0
"779","UG201100000479","2.72376","34.561401",0
"780","UG201100000480","2.567598","34.599746",0
"783","UG201100000483","1.858768","34.563683",0
"784","UG201100000484","1.91437","34.464463",0
"785","UG201100000485","1.863445","34.993543",0
"786","UG201100000486","1.480831","34.757981",0
"788","UG201100000491","3.421733","31.929428",0
"789","UG201100000493","3.221716","31.805115",0
"797","UG201100000506","3.480117","31.010671",0
"798","UG201100000510","3.071358","31.266031",0
"799","UG201100000511","3.287138","30.99033",0
"800","UG201100000513","3.284968","30.894379",0
"801","UG201100000515","3.27448","30.892833",0
"802","UG201100000518","3.058562","31.012297",0
"803","UG201100000520","3.200673","31.248821",0
"804","UG201100000521","3.267437","31.15045",0
"805","UG201100000523","3.070577","31.284616",0
"809","UG201100000532","3.674754","31.832076",0
"814","UG201100000540","2.726462","31.403266",0
"815","UG201100000542","2.378942","30.862382",0
"818","UG201100000549","2.409863","31.076031",0
"819","UG201100000550","2.562377","31.240818",0
"822","UG201100000555","3.499043","31.220702",0
"823","UG201100000558","3.392169","31.404875",0
"824","UG201100000559","3.573933","31.253638",0
"825","UG201100000560","3.346574","31.238263",0
"826","UG201100000561","3.310233","31.410178",0
"827","UG201100000562","3.485215","31.465495",0
"830","UG201100000567","1.489181","30.98502",0
"831","UG201100000570","1.536667","30.994529",0
"832","UG201100000571","1.579751","31.217381",0
"833","UG201100000575","1.206823","31.013881",0
"839","UG201100000585","0.623438","30.121176",0
"841","UG201100000589","0.210348","30.375301",0
"849","UG201100000601","0.30406","30.142057",0
"852","UG201100000607","1.129576","31.193115",0
"853","UG201100000609","1.020295","31.390817",0
"854","UG201100000611","0.992669","31.047971",0
"857","UG201100000617","0.586041","30.942167",0
"858","UG201100000620","0.809149","30.793307",0
"859","UG201100000622","0.596022","30.506152",0
"860","UG201100000624","0.603175","30.799467",0
"862","UG201100000628","1.927154","32.168239",0
"864","UG201100000632","1.69496","31.658522",0
"866","UG201100000636","1.864084","32.104979",0
"868","UG201100000639","-0.417413","30.381632",0
"869","UG201100000641","-0.180641","30.230193",0
"870","UG201100000643","-0.310162","30.047626",0
"871","UG201100000646","-0.547999","30.060209",0
"872","UG201100000647","-0.591034","29.994167",0
"875","UG201100000652","-0.706686","30.1431",0
"877","UG201100000657","-1.279644","30.143088",0
"878","UG201100000658","-1.1306","29.967404",0
"879","UG201100000660","-1.109841","29.820608",0
"881","UG201100000666","-0.710697","29.751515",0
"883","UG201100000668","-1.00016","29.861374",0
"890","UG201100000680","-0.202705","30.380418",0
"891","UG201100000682","0.133683","30.579238",0
"897","UG201100000692","0.133052","30.573348",0
"901","UG201100000702","-0.857743","30.479523",0
"903","UG201100000706","-0.952224","30.107658",0
"928","UG201400000022","0.44958","31.395361",0
"929","UG201400000023","0.565232","31.86278",0
"934","UG201400000028","1.568771","32.360015",0
"935","UG201400000029","-0.547","31.364",0
"949","UG201400000043","-0.054981","31.641778",0
"950","UG201400000044","0.255195","33.351295",0
"957","UG201400000052","0.649802","33.69516",0
"959","UG201400000054","0.569566","33.629756",0
"966","UG201400000061","1.918233","33.911783",0
"968","UG201400000063","1.329562","33.78547",0
"972","UG201400000067","1.177767","33.602229",0
"973","UG201400000068","1.917264","33.613642",0
"974","UG201400000069","1.713122","33.723545",0
"975","UG201400000070","1.961088","33.53558",0
"980","UG201400000075","1.836617","33.158511",0
"981","UG201400000076","1.758707","33.322285",0
"982","UG201400000077","0.4259","33.408317",0
"986","UG201400000081","2.163314","33.527893",0
"987","UG201400000082","2.042106","33.770435",0
"988","UG201400000083","0.953216","33.908635",0
"991","UG201400000086","1.433035","34.157121",0
"992","UG201400000087","1.299587","34.759651",0
"993","UG201400000088","1.352352","34.657996",0
"994","UG201400000089","0.881087","33.975263",0
"995","UG201400000090","1.052828","33.410485",0
"998","UG201400000093","0.954736","33.701648",0
"1003","UG201400000098","1.345253","33.025129",0
"1005","UG201400000100","1.440169","34.694848",0
"1009","UG201400000104","1.494061","33.166529",0
"1010","UG201400000105","1.447213","33.533135",0
"1011","UG201400000106","3.307298","31.861071",0
"1017","UG201400000112","2.975266","31.314199",0
"1018","UG201400000113","3.119373","30.951178",0
"1019","UG201400000114","2.869307","31.063641",0
"1020","UG201400000115","2.937808","32.225259",0
"1022","UG201400000117","2.757626","32.533882",0
"1025","UG201400000120","3.56248","33.470073",0
"1026","UG201400000121","3.037122","34.13835",0
"1027","UG201400000122","2.918681","34.110274",0
"1030","UG201400000125","2.453563","34.602839",0
"1031","UG201400000126","2.585129","34.65789",0
"1032","UG201400000127","3.403049","31.620529",0
"1033","UG201400000128","2.540266","31.425528",0
"1034","UG201400000129","2.509028","31.214055",0
"1035","UG201400000130","1.773631","34.656005",0
"1036","UG201400000131","1.970654","34.550806",0
"1037","UG201400000132","3.026095","32.888816",0
"1038","UG201400000133","3.340086","31.108254",0
"1039","UG201400000134","3.464696","31.167633",0
"1040","UG201400000135","2.827691","33.675724",0
"1041","UG201400000136","1.718618","32.827528",0
"1042","UG201400000137","2.894892","31.976206",0
"1044","UG201400000139","1.96171","33.135299",0
"1045","UG201400000140","1.915","33.114",0
"1046","UG201400000141","3.573723","34.168492",0
"1047","UG201400000142","3.522972","34.121581",0
"1048","UG201400000143","3.634361","34.172785",0
"1049","UG201400000144","3.620881","34.060499",0
"1050","UG201400000145","3.554","34.173735",0
"1051","UG201400000146","3.499064","34.077446",0
"1054","UG201400000149","3.132479","30.845571",0
"1056","UG201400000151","2.355793","32.614283",0
"1061","UG201400000156","2.203578","33.19281",0
"1063","UG201400000158","2.39378","32.798023",0
"1064","UG201400000159","2.33092","32.823069",0
"1065","UG201400000160","3.402393","32.555336",0
"1068","UG201400000163","2.481104","34.446941",0
"1069","UG201400000164","2.607594","32.17562",0
"1071","UG201400000167","2.57449","30.773958",0
"1076","UG201400000172","1.373499","31.147077",0
"1078","UG201400000174","-1.388299","29.903499",0
"1079","UG201400000175","-1.220011","30.1509",0
"1080","UG201400000176","-1.187041","30.126409",0
"1083","UG201400000179","0.075378","29.74191",0
"1087","UG201400000183","0.973775","31.18328",0
"1089","UG201400000185","1.10024","30.830771",0
"1090","UG201400000186","-1.316038","29.6311",0
"1095","UG201400000191","-1.122705","30.225821",0
"1097","UG201400000193","0.40491","30.44082",0
"1099","UG201400000195","0.22155","30.598969",0
"1101","UG201400000197","-0.999016","29.852365",0
"1102","UG201400000198","0.752873","30.673751",0
"1105","UG201400000201","0.096254","30.548725",0
"1106","UG201400000202","-0.711426","30.653736",0
"1107","UG201400000203","0.138585","30.672851",0
"1108","UG201400000204","-0.137696","31.074835",0
"1110","UG201400000206","-0.663968","30.025507",0
"1111","UG201400000207","1.04149","30.31817",0
"1163","UG201600000049","-0.194976469","31.81230803",0
"1166","UG201600000052","-0.04388572","31.58577767",0
"1167","UG201600000053","0.103649319","31.50511064",0
"1168","UG201600000054","-0.296553867","31.39343666",0
"1169","UG201600000055","-0.110797566","31.43195593",0
"1175","UG201600000061","-0.60595967","31.35205204",0
"1176","UG201600000062","-0.759788942","31.21766499",0
"1179","UG201600000065","0.221878137","31.77036803",0
"1183","UG201600000070","0.315229758","32.29669296",0
"1215","UG201600000103","1.507980182","32.51046245",0
"1217","UG201600000105","1.300652244","31.8994815",0
"1218","UG201600000106","1.012710646","31.58465627",0
"1219","UG201600000108","0.641479026","32.02416854",0
"1220","UG201600000109","0.788869857","31.8995899",0
"1221","UG201600000110","0.59864107","31.53047547",0
"1222","UG201600000111","0.635475126","31.55708613",0
"1225","UG201600000114","0.562322843","31.69761576",0
"1226","UG201600000115","0.642594429","31.80064162",0
"1228","UG201600000117","0.332237498","31.934303",0
"1229","UG201600000118","0.538248498","31.91876108",0
"1230","UG201600000119","0.574232406","32.11049397",0
"1233","UG201600000122","0.944791759","32.52347253",0
"1236","UG201600000125","0.875607281","32.89343569",0
"1237","UG201600000126","0.755486582","33.00640543",0
"1242","UG201600000131","0.619267863","32.88433515",0
"1244","UG201600000133","0.671262908","32.76222318",0
"1257","UG201600000146","0.364068794","33.19674806",0
"1259","UG201600000148","0.421978327","33.89337187",0
"1264","UG201600000153","0.527984122","33.65084726",0
"1265","UG201600000154","0.490952468","33.76258971",0
"1266","UG201600000155","0.672283223","33.62968989",0
"1274","UG201600000163","0.66221244","33.24017274",0
"1277","UG201600000166","1.051142479","33.07065562",0
"1282","UG201600000171","1.033247521","33.30560133",0
"1283","UG201600000172","1.156886804","33.31909485",0
"1285","UG201600000174","1.09390754","33.50333981",0
"1286","UG201600000175","1.142753148","33.40499823",0
"1287","UG201600000176","0.777082071","33.79567617",0
"1288","UG201600000177","0.883187215","33.74176151",0
"1303","UG201600000192","0.824837773","34.12730438",0
"1312","UG201600000201","0.813735698","34.05134388",0
"1315","UG201600000204","0.92969728","34.01238778",0
"1319","UG201600000209","0.980852802","33.73837271",0
"1321","UG201600000211","1.186051715","33.78310266",0
"1327","UG201600000217","1.087803049","33.91992707",0
"1347","UG201600000237","0.870548114","34.29652283",0
"1354","UG201600000244","1.058310849","34.41970824",0
"1355","UG201600000245","1.084312102","34.41196878",0
"1361","UG201600000251","1.123767284","34.35758745",0
"1362","UG201600000252","1.235235629","34.40506803",0
"1366","UG201600000258","1.434779181","34.66482409",0
"1367","UG201600000259","1.396399056","34.72370958",0
"1373","UG201600000265","1.264300952","34.23752009",0
"1380","UG201600000272","1.326709387","33.99642452",0
"1382","UG201600000274","1.433681823","33.89570077",0
"1387","UG201600000279","1.547496726","33.16383495",0
"1389","UG201600000281","1.600584613","33.51414083",0
"1391","UG201600000283","1.54176415","33.60848176",0
"1392","UG201600000284","1.942654561","33.50340366",0
"1393","UG201600000285","1.729935012","33.52670335",0
"1394","UG201600000286","1.805022176","33.57333379",0
"1398","UG201600000290","1.736969974","33.23252487",0
"1399","UG201600000291","1.607530922","33.07422599",0
"1400","UG201600000292","1.947132831","33.34982497",0
"1402","UG201600000294","1.957590594","33.85792755",0
"1404","UG201600000296","2.114421646","33.49146755",0
"1405","UG201600000297","1.823115789","33.83981404",0
"1406","UG201600000298","2.112653996","33.74819229",0
"1407","UG201600000299","2.15380637","33.60095097",0
"1408","UG201600000300","1.750294627","34.11382238",0
"1409","UG201600000301","1.942987486","33.94427134",0
"1410","UG201600000302","2.144752786","33.91770341",0
"1415","UG201600000307","1.875969715","34.53492553",0
"1420","UG201600000312","1.976119819","34.56599368",0
"1421","UG201600000313","1.91793602","34.97596906",0
"1422","UG201600000314","1.603306558","34.83610534",0
"1423","UG201600000315","2.199218673","34.94699986",0
"1424","UG201600000316","1.99728144","34.35553478",0
"1425","UG201600000317","2.233187691","34.19961961",0
"1427","UG201600000319","2.478105687","34.44416442",0
"1428","UG201600000320","2.499768296","34.34660097",0
"1429","UG201600000321","2.572625337","34.84801201",0
"1430","UG201600000322","2.581093026","34.54324055",0
"1431","UG201600000323","2.607566919","34.59456225",0
"1432","UG201600000324","2.477738737","34.86617201",0
"1433","UG201600000325","3.495466539","34.16595977",0
"1434","UG201600000326","3.623073938","34.1745254",0
"1435","UG201600000327","3.613376283","33.94486401",0
"1436","UG201600000328","3.79432045","33.92927042",0
"1437","UG201600000329","3.529102528","34.04791219",0
"1438","UG201600000330","3.432635723","34.17462846",0
"1439","UG201600000331","3.099819461","33.90408164",0
"1440","UG201600000332","2.995252765","34.17538414",0
"1441","UG201600000333","3.077602988","34.03591416",0
"1442","UG201600000334","2.749384246","33.6801917",0
"1443","UG201600000335","2.599345393","33.61118378",0
"1444","UG201600000336","2.56596084","33.76475065",0
"1445","UG201600000337","1.803299245","34.69984729",0
"1447","UG201600000339","3.051341029","34.1525153",0
"1448","UG201600000340","2.768317309","34.18095803",0
"1449","UG201600000341","2.564765062","33.22851372",0
"1450","UG201600000342","2.393203829","33.63409402",0
"1451","UG201600000343","2.379645844","33.26230826",0
"1452","UG201600000344","2.403278003","33.11024053",0
"1453","UG201600000345","2.369182536","33.23493179",0
"1454","UG201600000346","2.422897379","33.01579305",0
"1455","UG201600000347","2.219960165","33.30804689",0
"1456","UG201600000348","2.237256219","32.95842655",0
"1457","UG201600000349","2.139746801","33.09116784",0
"1458","UG201600000350","2.038547451","33.00881193",0
"1459","UG201600000351","2.554785705","32.83255838",0
"1460","UG201600000352","2.285943264","32.99071982",0
"1464","UG201600000356","2.114804487","32.88350854",0
"1466","UG201600000358","2.211652787","32.71091316",0
"1467","UG201600000359","2.342886142","32.89554646",0
"1468","UG201600000360","2.26608601","32.43994537",0
"1471","UG201600000363","2.247313109","32.29688078",0
"1474","UG201600000366","2.583616548","32.48528608",0
"1477","UG201600000369","1.836078352","32.56865317",0
"1478","UG201600000370","1.878837547","32.75008389",0
"1479","UG201600000371","1.773437991","32.46864225",0
"1480","UG201600000372","1.945859534","32.49101627",0
"1481","UG201600000373","2.09545372","32.53694156",0
"1484","UG201600000376","2.076122325","33.17277025",0
"1485","UG201600000377","2.077281372","33.23543256",0
"1486","UG201600000378","1.742970221","32.87954141",0
"1487","UG201600000379","1.640902449","32.71883742",0
"1491","UG201600000383","2.251933969","32.70387069",0
"1493","UG201600000385","2.635552111","33.45154747",0
"1494","UG201600000386","2.681019188","33.37688136",0
"1495","UG201600000387","2.849826903","33.23158866",0
"1496","UG201600000388","3.203749918","33.45832986",0
"1497","UG201600000389","2.947670485","33.34109172",0
"1498","UG201600000390","3.106944097","33.19674137",0
"1500","UG201600000392","3.370527086","33.24108635",0
"1501","UG201600000393","3.403227411","33.42138625",0
"1502","UG201600000394","3.343366638","32.49487643",0
"1503","UG201600000395","3.694946944","32.81051214",0
"1504","UG201600000396","3.3812629","32.52951091",0
"1505","UG201600000397","3.158460076","32.84962952",0
"1506","UG201600000398","2.700168247","32.86915393",0
"1508","UG201600000400","3.01994759","32.97583297",0
"1509","UG201600000401","2.940536548","31.77677313",0
"1510","UG201600000402","2.876856804","31.94587543",0
"1511","UG201600000403","3.192974054","32.1173735",0
"1512","UG201600000404","2.799608454","32.05993006",0
"1514","UG201600000407","2.824242567","32.23600926",0
"1515","UG201600000408","3.126967799","32.27942654",0
"1518","UG201600000411","2.649539691","32.43098266",0
"1519","UG201600000412","2.800634176","32.50980801",0
"1520","UG201600000413","2.712136215","32.75140409",0
"1521","UG201600000414","2.671638587","31.92589906",0
"1522","UG201600000415","2.49145016","31.90498641",0
"1523","UG201600000416","2.547461556","32.17684917",0
"1526","UG201600000419","3.275911467","32.80083708",0
"1532","UG201600000425","3.332220216","31.74382322",0
"1533","UG201600000426","3.432344405","31.96139505",0
"1535","UG201600000428","3.207527637","31.54338511",0
"1536","UG201600000429","3.59221428","31.57131267",0
"1537","UG201600000430","3.701117283","31.69971897",0
"1538","UG201600000431","3.26817858","31.3934134",0
"1539","UG201600000432","3.609832212","31.11194627",0
"1540","UG201600000433","3.682283796","31.4199029",0
"1541","UG201600000434","3.398674876","31.14167967",0
"1542","UG201600000435","3.40329444","31.29717993",0
"1544","UG201600000437","3.371386161","31.07327556",0
"1547","UG201600000440","3.139207512","30.85219228",0
"1548","UG201600000441","3.243339833","30.98194161",0
"1551","UG201600000444","3.009827694","30.97352262",0
"1553","UG201600000446","3.148812289","31.49831755",0
"1554","UG201600000447","2.684858314","31.15885639",0
"1555","UG201600000448","3.010144468","31.39921197",0
"1556","UG201600000449","3.223907971","31.03449825",0
"1557","UG201600000450","3.127368641","30.96769485",0
"1558","UG201600000451","3.272342017","31.1802376",0
"1559","UG201600000452","3.109087719","31.0956543",0
"1563","UG201600000456","2.241668754","31.27366864",0
"1564","UG201600000457","2.713265996","31.37366567",0
"1565","UG201600000458","2.351559587","31.07364524",0
"1566","UG201600000459","2.512861587","31.16949457",0
"1568","UG201600000461","2.382994014","30.9051834",0
"1569","UG201600000462","2.379615842","30.89594873",0
"1577","UG201600000470","1.924308821","31.96384366",0
"1578","UG201600000471","2.014215076","32.14146061",0
"1579","UG201600000472","1.807455635","32.09973775",0
"1580","UG201600000473","2.233534362","32.27347404",0
"1582","UG201600000475","1.606658996","31.49419481",0
"1583","UG201600000476","1.504041681","31.71634206",0
"1586","UG201600000479","2.013501156","31.50158684",0
"1588","UG201600000481","1.369509233","31.42487863",0
"1589","UG201600000482","1.587353906","31.1609981",0
"1591","UG201600000484","1.589922918","31.37768966",0
"1595","UG201600000488","1.415116217","30.87647631",0
"1596","UG201600000489","1.22951617","30.73099872",0
"1598","UG201600000491","1.135351112","31.11271162",0
"1601","UG201600000494","1.016475996","31.34607406",0
"1602","UG201600000495","1.041280345","31.28756994",0
"1604","UG201600000497","0.958890286","30.72273654",0
"1605","UG201600000498","0.883050627","30.88069754",0
"1607","UG201600000500","1.023256574","30.8337442",0
"1608","UG201600000501","1.058191123","30.70514547",0
"1609","UG201600000502","1.014073393","30.56940619",0
"1610","UG201600000503","0.984544959","30.79407324",0
"1611","UG201600000504","0.996820063","31.11399943",0
"1612","UG201600000505","0.813495333","30.9314906",0
"1621","UG201600000514","0.530021067","31.1327829",0
"1624","UG201600000517","0.370140223","31.03887257",0
"1625","UG201600000518","0.420779856","30.8629269",0
"1626","UG201600000519","0.719222735","30.79133843",0
"1627","UG201600000520","0.77272947","30.4511166",0
"1629","UG201600000522","0.516566659","30.76799031",0
"1630","UG201600000523","0.712185922","30.54728122",0
"1631","UG201600000524","0.749194245","30.61674181",0
"1632","UG201600000525","0.829183372","30.68358496",0
"1633","UG201600000526","0.542855637","30.21389806",0
"1636","UG201600000529","0.880151614","30.46257601",0
"1639","UG201600000532","0.616038406","30.18448976",0
"1642","UG201600000535","0.66182619","29.97369155",0
"1643","UG201600000536","0.721037084","30.01824083",0
"1646","UG201600000539","0.143859083","29.95682391",0
"1650","UG201600000543","0.454234781","30.11748244",0
"1652","UG201600000545","0.320083876","30.12663845",0
"1653","UG201600000546","0.23995388","30.03657579",0
"1654","UG201600000547","0.409129317","30.45605382",0
"1655","UG201600000548","0.206605705","30.54684239",0
"1656","UG201600000549","0.228280996","30.53267908",0
"1657","UG201600000550","0.339770499","30.68003113",0
"1661","UG201600000554","0.720083054","30.75188692",0
"1663","UG201600000556","0.615528853","30.36029551",0
"1669","UG201600000562","0.15231434","30.7059021",0
"1670","UG201600000563","-0.057501001","30.6608013",0
"1671","UG201600000564","0.187108771","30.7614334",0
"1672","UG201600000565","-0.292784598","30.61851066",0
"1673","UG201600000566","-0.034917589","31.00712777",0
"1674","UG201600000567","-0.794600196","31.13935982",0
"1675","UG201600000568","-0.868028689","30.839014",0
"1676","UG201600000569","-0.812092784","31.05030998",0
"1677","UG201600000570","-0.773072829","30.72083468",0
"1681","UG201600000574","-0.356151544","30.6586296",0
"1682","UG201600000575","-0.319808797","30.53069163",0
"1683","UG201600000576","-0.832400732","30.48257483",0
"1685","UG201600000578","0.018209039","30.57147851",0
"1686","UG201600000579","0.088585352","30.56718454",0
"1687","UG201600000580","-0.284113409","30.36376265",0
"1688","UG201600000581","-0.381454962","30.47299985",0
"1689","UG201600000582","-0.697420887","30.21247287",0
"1691","UG201600000585","-0.22808719","30.16890804",0
"1693","UG201600000587","-0.393402557","30.16347135",0
"1694","UG201600000588","-0.531995258","30.04191908",0
"1695","UG201600000589","-0.531392079","30.01727735",0
"1696","UG201600000590","-0.599434117","30.09852341",0
"1697","UG201600000591","-0.576697618","30.01881859",0
"1699","UG201600000593","-0.774974373","30.1735288",0
"1702","UG201600000596","-0.883287518","30.54591408",0
"1704","UG201600000598","-0.967696715","30.13510174",0
"1711","UG201600000606","-0.056742219","30.43015447",0
"1717","UG201600000613","-0.971006806","29.85939476",0
"1720","UG201600000616","-0.773024234","30.04402821",0
"1721","UG201600000617","-0.441406384","29.79967847",0
"1725","UG201600000621","-0.657161717","29.71730857",0
"1726","UG201600000622","-0.89939356","29.72389219",0
"1727","UG201600000623","-0.690425365","29.78208634",0
"1729","UG201600000625","-1.303956583","30.03274031",0
"1733","UG201600000629","-1.433491524","29.97768952",0
"1735","UG201600000631","-1.283475285","29.90691193",0
"1736","UG201600000632","-1.122432091","29.82759401",0
"1741","UG201600000637","-1.206712513","30.08952167",0
"1742","UG201600000638","-1.211487175","29.75366165",0
"1754","UG201600000650","-1.183605325","30.12717668",0
"1759","UG201600000655","-0.412388719","32.39107829",0
"1760","UG201600000656","-0.249261983","32.37757398",0
"1761","UG201600000657","-0.658714401","32.33944551",0
"1766","UG201600000664","-0.101881337","32.61242605",0
"1767","UG201600000665","0.022258942","32.77720766",0
"1769","UG201600000667","0.048632616","33.27679259",0
"1770","UG201600000668","0.242356","33.254327",0
"1771","UG201600000669","0.304805868","33.36557915",0
"1772","UG201600000670","0.093798721","33.03918231",0
"1773","UG201600000671","0.081964583","33.49063425",0
"1774","UG201600000672","0.046006208","33.00785572",0
"1775","UG201600000673","-0.095708413","33.25185839",0
"1776","UG201600000674","0.221584249","33.34492291",0
"1777","UG201600000675","0.204962531","33.2684761",0
"1778","UG201600000677","0.201055885","33.81187755",0
"1779","UG201600000678","-0.138174602","33.71653822",0
"1780","UG201600000679","-0.127396709","33.72480857",0
"1781","UG201600000680","0.090340611","33.83343773",0
"1783","UG201600000682","0.322631776","33.67330113",0
"1784","UG201600000683","0.411448476","33.35248963",0
"1787","UG201600000686","0.329479064","33.47708684",0
"1788","UG201600000687","0.235795477","33.4579098",0
"1791","UG201600000690","0.235902527","33.59145514",0
"1795","UG201600000694","0.223461183","33.49476297",0
"1796","UG201600000695","0.266963375","33.43743994",0
"1797","UG201600000696","0.451593591","33.29509995",0
"10","UG200600000012","-0.391236","31.768275",1
"46","UG200600000056","0.469334","31.767405",1
"106","UG200600000117","0.512209","33.964461",1
"108","UG200600000119","0.530134","33.602206",1
"140","UG200600000151","1.406812","34.548105",1
"149","UG200600000160","0.863255","34.330793",1
"150","UG200600000161","0.876828","34.224437",1
"153","UG200600000164","0.833838","34.356302",1
"154","UG200600000165","0.844052","34.314893",1
"172","UG200600000183","0.623225","34.012953",1
"173","UG200600000184","0.728098","34.012469",1
"181","UG200600000206","1.82934","34.7193",1
"205","UG200600000231","1.813164","34.572105",1
"248","UG200600000280","0.331616","30.092723",1
"283","UG200600000315","-0.654555","30.204793",1
"347","UG200900000011","-0.271521","31.363902",1
"408","UG200900000072","0.832294","34.356101",1
"410","UG200900000074","1.096461","34.244726",1
"413","UG200900000077","1.24783","33.878368",1
"418","UG200900000082","0.837958","33.895318",1
"466","UG200900000130","1.79068","34.615286",1
"478","UG200900000142","-1.187536","30.215306",1
"569","UG201100000100","0.187","32.19979",1
"615","UG201100000187","0.559676","31.439357",1
"618","UG201100000193","0.465854","31.662434",1
"649","UG201100000252","0.713404","33.530474",1
"675","UG201100000305","0.386814","34.047757",1
"680","UG201100000312","0.790028","34.361432",1
"692","UG201100000333","1.151679","34.369168",1
"695","UG201100000339","0.709386","33.886174",1
"697","UG201100000342","0.648191","34.234604",1
"698","UG201100000345","0.629127","33.994059",1
"699","UG201100000346","0.812973","34.077778",1
"702","UG201100000351","1.261163","34.019736",1
"709","UG201100000364","1.277344","33.872068",1
"710","UG201100000367","1.576364","33.814327",1
"770","UG201100000470","2.620998","33.657362",1
"781","UG201100000481","1.942766","34.935044",1
"782","UG201100000482","1.846083","34.681239",1
"840","UG201100000587","0.216235","30.445981",1
"846","UG201100000596","0.031863","29.759365",1
"880","UG201100000662","-1.133516","30.04911",1
"937","UG201400000031","-0.232662","31.384413",1
"948","UG201400000042","0.3207","33.06789",1
"979","UG201400000074","0.776537","33.967725",1
"1004","UG201400000099","1.0809","33.857565",1
"1057","UG201400000152","2.408279","32.378626",1
"1084","UG201400000180","0.03081","29.763153",1
"1096","UG201400000192","-1.007781","29.942527",1
"1098","UG201400000194","0.227086","30.459559",1
"1114","UG201400000210","-0.513911","30.320591",1
"1165","UG201600000051","-0.135916753","31.66024259",1
"1189","UG201600000076","0.249496749","32.44910539",1
"1214","UG201600000102","1.1752467","32.41565364",1
"1240","UG201600000129","0.249784452","32.87985058",1
"1245","UG201600000134","0.292240975","33.10259936",1
"1268","UG201600000157","0.786744879","33.40497204",1
"1269","UG201600000158","0.59105164","33.51951397",1
"1278","UG201600000167","0.865620011","33.14976896",1
"1296","UG201600000185","0.347374981","34.05306583",1
"1306","UG201600000195","0.600485987","34.0165636",1
"1309","UG201600000198","0.686032106","33.97046297",1
"1310","UG201600000199","0.870243412","34.01776376",1
"1316","UG201600000205","0.888151434","33.90775356",1
"1317","UG201600000207","1.099176094","33.88168356",1
"1324","UG201600000214","1.27668504","33.70754009",1
"1326","UG201600000216","1.278673892","33.80215007",1
"1336","UG201600000226","1.092836401","34.27674297",1
"1345","UG201600000235","0.810925211","34.30540582",1
"1346","UG201600000236","0.871118977","34.2794716",1
"1348","UG201600000238","0.844467796","34.3108212",1
"1349","UG201600000239","0.923687977","34.24955665",1
"1351","UG201600000241","0.778737149","34.29136434",1
"1356","UG201600000246","1.157506533","34.38125285",1
"1359","UG201600000249","1.142978126","34.36349869",1
"1365","UG201600000257","1.432425418","34.54538156",1
"1377","UG201600000269","1.238071467","33.99257056",1
"1381","UG201600000273","1.363710996","33.84720902",1
"1401","UG201600000293","1.83767532","33.32375833",1
"1416","UG201600000308","1.91795458","34.79873126",1
"1417","UG201600000309","1.7685341","34.60024114",1
"1418","UG201600000310","1.875438521","34.69191005",1
"1473","UG201600000365","2.356772509","32.37620836",1
"1517","UG201600000410","2.50595585","32.3759753",1
"1615","UG201600000508","1.681773674","31.68651572",1
"1647","UG201600000540","0.033168997","29.75718573",1
"1715","UG201600000611","-0.846545543","29.94012071",1
"1734","UG201600000630","-1.199548422","29.92739315",1
"1739","UG201600000635","-1.165172697","30.10392909",1
"1740","UG201600000636","-1.161050834","30.16967561",1
